"model","term","estimate","std.error","statistic","df","p.value","2.5 %","97.5 %","conf.low","conf.high"
"DEN","(Intercept)",2.93065734954784,1.13682719731977,2.57792684451716,103.045247277353,0.0113531489787928,0.67604049642418,5.18527420267149,0.67604049642418,5.18527420267149
"DEN","consequences",0.0215061607236065,0.0971727287140722,0.221318892740861,103.045247277353,0.825282115983764,-0.171212022250278,0.214224343697491,-0.171212022250278,0.214224343697491
"DEN","timeline",0.12603685770941,0.0526462566002493,2.39403265965188,103.045247277353,0.0184722432549144,0.0216259695246099,0.230447745894211,0.0216259695246099,0.230447745894211
"DEN","pers_control",-0.0374331874207384,0.0735654917633217,-0.508841666432004,103.045247277353,0.611951003989174,-0.183332228127152,0.108465853285675,-0.183332228127152,0.108465853285675
"DEN","identity",0.0664610324931522,0.0740998111190512,0.896912306380561,103.045247277353,0.371856390282935,-0.0804976991031502,0.213419764089455,-0.0804976991031502,0.213419764089455
"DEN","coherence",-0.142269112327142,0.0551850428983573,-2.57803754160672,103.045247277353,0.0113497376649635,-0.251715058071868,-0.0328231665824165,-0.251715058071868,-0.0328231665824165
"UES","(Intercept)",1.32748608385534,0.690815639178501,1.92162135390269,107.042863133435,0.0573125591198299,-0.0419690800589654,2.69694124776965,-0.0419690800589654,2.69694124776965
"UES","treat_control",0.204372831231295,0.0664810441061994,3.07415194780668,107.042863133435,0.00267865228426817,0.0725825184614287,0.336163144001161,0.0725825184614287,0.336163144001161
"UES","coherence",0.17719346762569,0.0611393755814752,2.89818903023567,107.042863133435,0.00455340230416256,0.055992341217906,0.298394594033474,0.055992341217906,0.298394594033474
"UES","emot_rep",0.136350833119014,0.0587363530872712,2.32140447869519,107.042863133435,0.0221590011421675,0.0199133967278647,0.252788269510162,0.0199133967278647,0.252788269510162
"UIS","(Intercept)",1.63790276599659,0.712558470839495,2.29862226473416,105.044037170705,0.0235062848658765,0.225037850520992,3.05076768147219,0.225037850520992,3.05076768147219
"UIS","treat_control",0.206352388265158,0.0611985781519976,3.37184938762213,105.044037170705,0.00104598297579213,0.0850075057236872,0.32769727080663,0.0850075057236872,0.32769727080663
"UIS","identity",0.102971037243229,0.0668732641323156,1.53979379620965,105.044037170705,0.126617675173742,-0.0296256443519909,0.235567718838449,-0.0296256443519909,0.235567718838449
"UIS","coherence",0.130018694767866,0.0573004430064107,2.26906962575001,105.044037170705,0.0253077882723377,0.0164030563633617,0.243634333172371,0.0164030563633617,0.243634333172371
"UIS","emot_rep",0.0555319355538113,0.0579286592559687,0.958626287351706,105.044037170705,0.339948286772133,-0.0593293335387777,0.1703932046464,-0.0593293335387777,0.1703932046464
"BD","(Intercept)",2.75386256167504,1.30316218774432,2.11321552111774,105.044037170705,0.0369509977186674,0.169945297918165,5.33777982543192,0.169945297918165,5.33777982543192
"BD","consequences",0.147688332356186,0.101920996422031,1.44904717909784,105.044037170705,0.150303170939983,-0.0544011885575847,0.349777853269956,-0.0544011885575847,0.349777853269956
"BD","timeline",0.10499881652992,0.0654265991987375,1.60483378038617,105.044037170705,0.111532782717546,-0.0247294097556697,0.23472704281551,-0.0247294097556697,0.23472704281551
"BD","pers_control",-0.0403655875883276,0.0910022223534765,-0.44356705302797,105.044037170705,0.658267920887274,-0.220805302299821,0.140074127123165,-0.220805302299821,0.140074127123165
"VEN","(Intercept)",5.13645701007135,0.660267069449989,7.77936269690094,106.043445765261,5.0594541286199e-12,3.82741951776793,6.44549450237476,3.82741951776793,6.44549450237476
"VEN","timeline",-0.127079157641809,0.0501882402951645,-2.53205047426324,106.043445765261,0.0128053406569037,-0.226581754786068,-0.0275765604975489,-0.226581754786068,-0.0275765604975489
"VEN","pers_control",0.0944206172250795,0.0594705284472847,1.58768754356664,106.043445765261,0.11533434356703,-0.0234849319482902,0.212326166398449,-0.0234849319482902,0.212326166398449
"PF","(Intercept)",3.20954275738926,0.839384106730642,3.8236877868587,106.043445765261,0.000222248129935166,1.54538999709891,4.87369551767961,1.54538999709891,4.87369551767961
"PF","timeline",-0.113052279050401,0.0562590185931634,-2.00949611062251,106.043445765261,0.0470246919558556,-0.224590727696633,-0.00151383040416947,-0.224590727696633,-0.00151383040416947
"PF","pers_control",0.185293056500355,0.0647814881119127,2.86027786487791,106.043445765261,0.00509865989848722,0.056858063041811,0.313728049958899,0.056858063041811,0.313728049958899
"PF","treat_control",0.0627551020685339,0.0617601546960417,1.01610985881413,106.043445765261,0.311889808778939,-0.0596898323652298,0.185200036502298,-0.0596898323652298,0.185200036502298
"PLA","(Intercept)",3.07273893624618,0.493490309503746,6.2265436160968,108.042289042286,9.31081734107547e-09,2.09455986793387,4.05091800455849,2.09455986793387,4.05091800455849
"PLA","treat_control",0.207710784891224,0.0617220475443924,3.3652607642647,108.042289042286,0.0010594962043223,0.0853675214094844,0.330054048372964,0.0853675214094844,0.330054048372964
"PLA","emot_rep",0.0659334391355845,0.0549155645968283,1.20063300122007,108.042289042286,0.232519328454048,-0.042918254157417,0.174785132428586,-0.042918254157417,0.174785132428586
"SB","(Intercept)",4.74707160162766,0.876524721825356,5.41578746546009,104.044637591258,3.95138161344372e-07,3.00889896196869,6.48524424128663,3.00889896196869,6.48524424128663
"SB","consequences",0.255512943100718,0.080661520151215,3.16771792326392,104.044637591258,0.00201699114295442,0.095558929358619,0.415466956842817,0.095558929358619,0.415466956842817
"SB","pers_control",-0.0233463885374071,0.0634373053713063,-0.368023017383192,104.044637591258,0.713603726851394,-0.149144310472192,0.102451533397378,-0.149144310472192,0.102451533397378
"SB","identity",-0.00114221775447654,0.0627018028763277,-0.0182166652644652,104.044637591258,0.98550089562343,-0.125481618005457,0.123197182496504,-0.125481618005457,0.123197182496504
"SB","concern",-0.0592507013396752,0.0571347373493882,-1.03703463231742,104.044637591258,0.302123883355833,-0.172550457481174,0.0540490548018236,-0.172550457481174,0.0540490548018236
"SB","emot_rep",0.0585962416658275,0.0510545510566449,1.14771828276024,104.044637591258,0.253717040650773,-0.0426463377698424,0.159838821101497,-0.0426463377698424,0.159838821101497
"PSYCH_OPEN","(Intercept)",22.4444670262117,1.89907332080002,11.8186416397849,108.042289042286,3.45027457545264e-21,18.6801909384706,26.2087431139529,18.6801909384706,26.2087431139529
"PSYCH_OPEN","consequences",-0.167150958081057,0.16855342632037,-0.991679384573014,108.042289042286,0.323569713662959,-0.501251608780169,0.166949692618054,-0.501251608780169,0.166949692618054
"PSYCH_OPEN","coherence",0.433521535281528,0.135575420105447,3.19764109854386,108.042289042286,0.00181796000482194,0.164788724179003,0.702254346384053,0.164788724179003,0.702254346384053
"HELP_SEEK","(Intercept)",15.3619085152022,2.10763405492457,7.28869818710158,106.043445765261,5.84976007874764e-11,11.1833387733401,19.5404782570644,11.1833387733401,19.5404782570644
"HELP_SEEK","timeline",-0.168164437715499,0.157358930579073,-1.0686678989026,106.043445765261,0.287645995060517,-0.480142346970262,0.143813471539264,-0.480142346970262,0.143813471539264
"HELP_SEEK","treat_control",0.781192681256933,0.178307046174072,4.38116551207009,106.043445765261,2.78331705458036e-05,0.427683291824305,1.13470207068956,0.427683291824305,1.13470207068956
"HELP_SEEK","coherence",0.542376282121587,0.158506020343295,3.42180240817919,106.043445765261,0.000884722224815258,0.228124166598056,0.856628397645117,0.228124166598056,0.856628397645117
"STIG_INDIFF","(Intercept)",22.6472157550451,4.07564133249928,5.55672442873113,103.045247277353,2.16540348228198e-07,14.5641846160957,30.7302468939944,14.5641846160957,30.7302468939944
"STIG_INDIFF","consequences",-0.239917444486897,0.352830372086792,-0.679979569411561,103.045247277353,0.498042209137931,-0.939669618851012,0.459834729877217,-0.939669618851012,0.459834729877217
"STIG_INDIFF","pers_control",-0.169498641321632,0.27092657222038,-0.625625755098533,103.045247277353,0.53294364052941,-0.706814793791615,0.36781751114835,-0.706814793791615,0.36781751114835
"STIG_INDIFF","identity",-0.296257660951491,0.268413146120185,-1.10373752267275,103.045247277353,0.272277845936713,-0.828589051570297,0.236073729667314,-0.828589051570297,0.236073729667314
"STIG_INDIFF","concern",-0.168425478603346,0.243129414462505,-0.69274003302188,103.045247277353,0.490030998322415,-0.650612812465188,0.313761855258496,-0.650612812465188,0.313761855258496
"STIG_INDIFF","coherence",0.770568863781044,0.195682002159777,3.93786273278145,103.045247277353,0.000149686289064579,0.382481790422335,1.15865593713975,0.382481790422335,1.15865593713975
"STIG_INDIFF","emot_rep",-0.157755814330479,0.217387017485997,-0.725691056231729,103.045247277353,0.469673147481971,-0.588889441701246,0.273377813040289,-0.588889441701246,0.273377813040289
